date,portfolio,nombre_token,symbol_token,IA,Gaming,RWA,Meme
2024-04-27,coinbase-ventures-portfolio,USDC,USDC,0,0,0,0
2024-04-27,framework-ventures-portfolio,Chainlink,LINK,0,0,1,0
2024-04-27,polychain-capital-portfolio,Internet Computer,ICP,0,0,1,0
2024-04-27,electric-capital-portfolio,Internet Computer,ICP,0,0,1,0
2024-04-27,fenbushi-capital-portfolio,Internet Computer,ICP,0,0,1,0
2024-04-27,hashkey-capital-portfolio,Internet Computer,ICP,0,0,1,0
2024-04-27,a16z-portfolio,Internet Computer,ICP,0,0,1,0
2024-04-27,multicoin-capital-portfolio,Internet Computer,ICP,0,0,1,0
2024-04-27,exnetwork-capital-portfolio,Internet Computer,ICP,0,0,1,0
2024-04-27,three-arrows-capital-portfolio,Uniswap,UNI,0,0,0,0
2024-04-27,blockchain-capital-portfolio,Uniswap,UNI,0,0,0,0
2024-04-27,defiance-capital-portfolio,Uniswap,UNI,0,0,0,0
2024-04-27,alameda-research-portfolio,Uniswap,UNI,0,0,0,0
2024-04-27,pantera-capital-portfolio,Uniswap,UNI,0,0,0,0
2024-04-27,paradigm-portfolio,Uniswap,UNI,0,0,0,0
2024-04-27,kenetic-capital-portfolio,UNUS SED LEO,LEO,0,0,0,0
2024-04-27,dwf-labs-portfolio,Mantle,MNT,0,0,0,0
2024-04-27,egirl-capital-portfolio,Arbitrum,ARB,0,0,0,0
2024-04-27,arrington-xrp-capital-portfolio,Immutable,IMX,0,1,0,0
2024-04-27,dragonfly-capital-portfolio,Maker,MKR,0,0,1,0
2024-04-27,1confirmation-portfolio,Maker,MKR,0,0,1,0
2024-04-27,placeholder-ventures-portfolio,Maker,MKR,0,0,1,0
2024-04-27,standard-crypto-portfolio,Maker,MKR,0,0,1,0
2024-04-27,dcg-portfolio,Bittensor,TAO,1,0,0,0
2024-04-27,coinfund-portfolio,The Graph,GRT,1,0,0,0
2024-04-27,fabric-ventures-portfolio,The Graph,GRT,1,0,0,0
2024-04-27,ledgerprime-portfolio,The Graph,GRT,1,0,0,0
2024-04-27,binance-labs-portfolio,Injective,INJ,1,0,0,0
2024-04-27,cms-holdings-portfolio,Injective,INJ,1,0,0,0
2024-04-27,animoca-brands-portfolio,The Sandbox,SAND,0,1,0,0
2024-04-27,boostvc-portfolio,Decentraland,MANA,0,1,0,0
2024-04-27,galaxy-digital-portfolio,Axelar,AXL,0,0,0,0
2024-04-27,okx-ventures-portfolio,Ethena,ENA,0,0,0,0
2024-04-27,huobi-capital-portfolio,Oasis Network,ROSE,1,0,0,0
2024-04-27,winklevoss-capital-portfolio,Oasis Network,ROSE,1,0,0,0
2024-04-27,vbc-ventures-portfolio,WOO,WOO,0,0,0,0
2024-04-27,skyvision-capital-portfolio,Manta Network,MANTA,0,0,0,0
2024-04-27,petrock-capital-portfolio,Raydium,RAY,0,0,0,0
2024-04-27,polygon-ventures-portfolio,CyberConnect,CYBER,0,0,0,0
2024-04-27,usv-portfolio,Numeraire,NMR,1,0,0,0
2024-04-27,circle-ventures-portfolio,Zebec,ZBC,0,0,0,0
2024-04-27,crypto-com-capital-portfolio,Artificial Liquid Intelligence,ALI,1,0,0,0
2024-04-27,poolz-finance-portfolio,SingularityDAO,SDAO,1,0,0,0
